{"cameraMode":{"drawMode":0,"name":"Shaded","section":"Shading Mode"},"sceneLighting":false,"audioPlay":false,"sceneViewState":{"showFog":false,"showMaterialUpdate":false,"showSkybox":false,"showFlares":false,"showImageEffects":true,"showParticleSystems":false},"in2DMode":false,"pivot":{"x":525.7178344726563,"y":-813.330322265625,"z":1314.5150146484375},"rotation":{"x":0.30472397804260256,"y":0.024341976270079614,"z":-0.006192655302584171,"w":0.9530695080757141},"size":2003.979248046875,"orthographic":false}