{"cameraMode":{"drawMode":0,"name":"Shaded","section":"Shading Mode"},"sceneLighting":false,"audioPlay":false,"sceneViewState":{"showFog":false,"showMaterialUpdate":false,"showSkybox":false,"showFlares":false,"showImageEffects":true,"showParticleSystems":false},"in2DMode":false,"pivot":{"x":0.006268727593123913,"y":0.020375575870275499,"z":0.020496642217040063},"rotation":{"x":0.28065067529678347,"y":0.6396892070770264,"z":-0.2703533470630646,"w":0.6628525257110596},"size":1.523820400238037,"orthographic":false}