{"cameraMode":{"drawMode":0,"name":"Shaded","section":"Shading Mode"},"sceneLighting":false,"audioPlay":false,"sceneViewState":{"showFog":false,"showMaterialUpdate":false,"showSkybox":false,"showFlares":false,"showImageEffects":true,"showParticleSystems":false},"in2DMode":false,"pivot":{"x":5.337800979614258,"y":-165.66627502441407,"z":-90.70784759521485},"rotation":{"x":0.34218814969062807,"y":0.6300891041755676,"z":-0.36250928044319155,"w":0.5964018702507019},"size":2.351191520690918,"orthographic":false}