{"cameraMode":{"drawMode":0,"name":"Shaded","section":"Shading Mode"},"sceneLighting":false,"audioPlay":false,"sceneViewState":{"showFog":false,"showMaterialUpdate":false,"showSkybox":false,"showFlares":false,"showImageEffects":true,"showParticleSystems":false},"in2DMode":false,"pivot":{"x":341.71343994140627,"y":-178.7280731201172,"z":543.3258666992188},"rotation":{"x":0.24682636559009553,"y":0.6308345198631287,"z":-0.22247911989688874,"w":0.7020303606987},"size":2.360218048095703,"orthographic":false}