{"cameraMode":{"drawMode":0,"name":"Shaded","section":"Shading Mode"},"sceneLighting":true,"audioPlay":false,"sceneViewState":{"showFog":true,"showMaterialUpdate":false,"showSkybox":true,"showFlares":true,"showImageEffects":true,"showParticleSystems":true},"in2DMode":false,"pivot":{"x":3.755359649658203,"y":-3.9071197509765627,"z":8.873756408691407},"rotation":{"x":-0.127244770526886,"y":-0.45782506465911868,"z":0.0663624182343483,"w":-0.8774530291557312},"size":27.71225357055664,"orthographic":false}