{"cameraMode":{"drawMode":0,"name":"Shaded","section":"Shading Mode"},"sceneLighting":false,"audioPlay":false,"sceneViewState":{"showFog":false,"showMaterialUpdate":false,"showSkybox":false,"showFlares":false,"showImageEffects":true,"showParticleSystems":false},"in2DMode":false,"pivot":{"x":0.12241486459970474,"y":0.4845171868801117,"z":-0.41602036356925967},"rotation":{"x":-0.408970445394516,"y":0.012938154861330986,"z":-0.00608338788151741,"w":-0.9132955074310303},"size":0.7065039277076721,"orthographic":false}