{"cameraMode":{"drawMode":0,"name":"Shaded","section":"Shading Mode"},"sceneLighting":false,"audioPlay":false,"sceneViewState":{"showFog":false,"showMaterialUpdate":false,"showSkybox":false,"showFlares":false,"showImageEffects":true,"showParticleSystems":false},"in2DMode":false,"pivot":{"x":-2.567728281021118,"y":2.514319896697998,"z":-5.871184349060059},"rotation":{"x":0.004643414635211229,"y":0.9866429567337036,"z":-0.1638146936893463,"w":0.029761280864477159},"size":2.388024091720581,"orthographic":false}