{"cameraMode":{"drawMode":0,"name":"Shaded","section":"Shading Mode"},"sceneLighting":false,"audioPlay":false,"sceneViewState":{"showFog":false,"showMaterialUpdate":false,"showSkybox":false,"showFlares":false,"showImageEffects":true,"showParticleSystems":false},"in2DMode":false,"pivot":{"x":1241.2767333984375,"y":356.072021484375,"z":-197.70094299316407},"rotation":{"x":0.1402655839920044,"y":0.8602426052093506,"z":-0.3259318470954895,"w":0.36768120527267458},"size":2.3911428451538088,"orthographic":false}