{"cameraMode":{"drawMode":0,"name":"Shaded","section":"Shading Mode"},"sceneLighting":false,"audioPlay":false,"sceneViewState":{"showFog":false,"showMaterialUpdate":false,"showSkybox":false,"showFlares":false,"showImageEffects":true,"showParticleSystems":false},"in2DMode":false,"pivot":{"x":-315.1130676269531,"y":-182.27833557128907,"z":538.5289916992188},"rotation":{"x":0.44812238216400149,"y":-0.0249458197504282,"z":0.012152026407420636,"w":0.894271969795227},"size":2.3533477783203127,"orthographic":false}