{"cameraMode":{"drawMode":0,"name":"Shaded","section":"Shading Mode"},"sceneLighting":false,"audioPlay":false,"sceneViewState":{"showFog":false,"showMaterialUpdate":false,"showSkybox":false,"showFlares":false,"showImageEffects":true,"showParticleSystems":false},"in2DMode":false,"pivot":{"x":-45.87818145751953,"y":30.02779197692871,"z":7.439084053039551},"rotation":{"x":0.21174593269824983,"y":0.7198306322097778,"z":-0.2446412891149521,"w":0.6153475642204285},"size":1.7477893829345704,"orthographic":false}