{"cameraMode":{"drawMode":0,"name":"Shaded","section":"Shading Mode"},"sceneLighting":false,"audioPlay":false,"sceneViewState":{"showFog":false,"showMaterialUpdate":false,"showSkybox":false,"showFlares":false,"showImageEffects":true,"showParticleSystems":false},"in2DMode":false,"pivot":{"x":-17.92483901977539,"y":-129.67356872558595,"z":-96.13270568847656},"rotation":{"x":0.2040444314479828,"y":-0.5724202990531921,"z":0.14739446341991425,"w":0.781471312046051},"size":2.516904354095459,"orthographic":false}