{"cameraMode":{"drawMode":0,"name":"Shaded","section":"Shading Mode"},"sceneLighting":false,"audioPlay":false,"sceneViewState":{"showFog":false,"showMaterialUpdate":false,"showSkybox":false,"showFlares":false,"showImageEffects":true,"showParticleSystems":false},"in2DMode":false,"pivot":{"x":2.0065395832061769,"y":-1.2268036603927613,"z":3.926779270172119},"rotation":{"x":-0.10716612637042999,"y":0.3550669848918915,"z":-0.041332460939884189,"w":-0.9285989999771118},"size":2.347789764404297,"orthographic":false}