{"cameraMode":{"drawMode":0,"name":"Shaded","section":"Shading Mode"},"sceneLighting":false,"audioPlay":false,"sceneViewState":{"showFog":false,"showMaterialUpdate":false,"showSkybox":false,"showFlares":false,"showImageEffects":true,"showParticleSystems":false},"in2DMode":false,"pivot":{"x":-314.17706298828127,"y":-181.59889221191407,"z":538.1373901367188},"rotation":{"x":0.33614739775657656,"y":0.23993772268295289,"z":-0.089415542781353,"w":0.9070510864257813},"size":2.3533477783203127,"orthographic":false}