{"cameraMode":{"drawMode":0,"name":"Shaded","section":"Shading Mode"},"sceneLighting":false,"audioPlay":false,"sceneViewState":{"showFog":false,"showMaterialUpdate":false,"showSkybox":false,"showFlares":false,"showImageEffects":true,"showParticleSystems":false},"in2DMode":false,"pivot":{"x":-0.24414324760437013,"y":-2.1245737075805666,"z":-0.4468243718147278},"rotation":{"x":0.0027403198182582857,"y":-0.9005473256111145,"z":0.43614763021469118,"w":0.004582981113344431},"size":5.130258083343506,"orthographic":false}