{"cameraMode":{"drawMode":0,"name":"Shaded","section":"Shading Mode"},"sceneLighting":false,"audioPlay":false,"sceneViewState":{"showFog":false,"showMaterialUpdate":false,"showSkybox":false,"showFlares":false,"showImageEffects":true,"showParticleSystems":false},"in2DMode":false,"pivot":{"x":575.94775390625,"y":4.844878196716309,"z":472.2861022949219},"rotation":{"x":-0.09399150311946869,"y":-0.048410553485155109,"z":-0.003019278170540929,"w":0.9952970743179321},"size":0.4339383542537689,"orthographic":false}