{"cameraMode":{"drawMode":0,"name":"Shaded","section":"Shading Mode"},"sceneLighting":false,"audioPlay":false,"sceneViewState":{"showFog":false,"showMaterialUpdate":false,"showSkybox":false,"showFlares":false,"showImageEffects":true,"showParticleSystems":false},"in2DMode":false,"pivot":{"x":11.561139106750489,"y":3.2436678409576418,"z":8.302313804626465},"rotation":{"x":0.5815750956535339,"y":-0.00795737188309431,"z":0.005719875451177359,"w":0.8137381672859192},"size":23.334524154663087,"orthographic":false}