{"cameraMode":{"drawMode":0,"name":"Shaded","section":"Shading Mode"},"sceneLighting":false,"audioPlay":false,"sceneViewState":{"showFog":false,"showMaterialUpdate":false,"showSkybox":false,"showFlares":false,"showImageEffects":true,"showParticleSystems":false},"in2DMode":false,"pivot":{"x":-1.9569392204284669,"y":1.992814064025879,"z":-5.204898834228516},"rotation":{"x":0.02185356616973877,"y":0.9747480750083923,"z":-0.20496338605880738,"w":0.09574618190526962},"size":25.823471069335939,"orthographic":false}