{"cameraMode":{"drawMode":0,"name":"Shaded","section":"Shading Mode"},"sceneLighting":false,"audioPlay":false,"sceneViewState":{"showFog":false,"showMaterialUpdate":false,"showSkybox":false,"showFlares":false,"showImageEffects":true,"showParticleSystems":false},"in2DMode":false,"pivot":{"x":-12.947199821472168,"y":3.722053289413452,"z":8.210856437683106},"rotation":{"x":0.19896017014980317,"y":-0.10442181676626206,"z":0.02265777997672558,"w":0.9751031994819641},"size":0.5146908164024353,"orthographic":false}