{"cameraMode":{"drawMode":0,"name":"Shaded","section":"Shading Mode"},"sceneLighting":false,"audioPlay":false,"sceneViewState":{"showFog":false,"showMaterialUpdate":false,"showSkybox":false,"showFlares":false,"showImageEffects":true,"showParticleSystems":false},"in2DMode":false,"pivot":{"x":-2.342994451522827,"y":1.2972732782363892,"z":-7.925718307495117},"rotation":{"x":0.01123698242008686,"y":0.9553197622299194,"z":-0.29502853751182558,"w":0.037472352385520938},"size":2.388024091720581,"orthographic":false}