{"cameraMode":{"drawMode":0,"name":"Shaded","section":"Shading Mode"},"sceneLighting":false,"audioPlay":false,"sceneViewState":{"showFog":false,"showMaterialUpdate":false,"showSkybox":false,"showFlares":false,"showImageEffects":true,"showParticleSystems":false},"in2DMode":false,"pivot":{"x":16.442659378051759,"y":0.9879749417304993,"z":-7.294112682342529},"rotation":{"x":0.07577697932720185,"y":0.806169331073761,"z":-0.10526224225759506,"w":0.5778971314430237},"size":23.04099464416504,"orthographic":false}