{"cameraMode":{"drawMode":0,"name":"Shaded","section":"Shading Mode"},"sceneLighting":false,"audioPlay":false,"sceneViewState":{"showFog":false,"showMaterialUpdate":false,"showSkybox":false,"showFlares":false,"showImageEffects":true,"showParticleSystems":false},"in2DMode":false,"pivot":{"x":-17.415557861328126,"y":-130.21652221679688,"z":-95.96371459960938},"rotation":{"x":0.3257894814014435,"y":-0.4791543781757355,"z":0.1952085793018341,"w":0.7923932671546936},"size":2.516904354095459,"orthographic":false}