{"cameraMode":{"drawMode":0,"name":"Shaded","section":"Shading Mode"},"sceneLighting":false,"audioPlay":false,"sceneViewState":{"showFog":false,"showMaterialUpdate":false,"showSkybox":false,"showFlares":false,"showImageEffects":true,"showParticleSystems":false},"in2DMode":false,"pivot":{"x":-5.694986343383789,"y":2.304903030395508,"z":4.445306301116943},"rotation":{"x":0.28346213698387148,"y":0.5029343366622925,"z":-0.17565996944904328,"w":0.7983319759368897},"size":22.785409927368165,"orthographic":false}