{"cameraMode":{"drawMode":0,"name":"Shaded","section":"Shading Mode"},"sceneLighting":false,"audioPlay":false,"sceneViewState":{"showFog":false,"showMaterialUpdate":false,"showSkybox":false,"showFlares":false,"showImageEffects":true,"showParticleSystems":false},"in2DMode":false,"pivot":{"x":-3.500000476837158,"y":4.999825477600098,"z":0.4999995231628418},"rotation":{"x":0.18534515798091889,"y":0.1926436871290207,"z":-0.03670487925410271,"w":0.9632594585418701},"size":23.04388427734375,"orthographic":false}