{"cameraMode":{"drawMode":0,"name":"Shaded","section":"Shading Mode"},"sceneLighting":false,"audioPlay":false,"sceneViewState":{"showFog":false,"showMaterialUpdate":false,"showSkybox":false,"showFlares":false,"showImageEffects":true,"showParticleSystems":false},"in2DMode":false,"pivot":{"x":-28.20412254333496,"y":23.398738861083986,"z":16.037792205810548},"rotation":{"x":0.29682254791259768,"y":0.6949766278266907,"z":-0.39383652806282046,"w":0.5239347815513611},"size":4.041658401489258,"orthographic":false}