{"cameraMode":{"drawMode":0,"name":"Shaded","section":"Shading Mode"},"sceneLighting":false,"audioPlay":false,"sceneViewState":{"showFog":false,"showMaterialUpdate":false,"showSkybox":false,"showFlares":false,"showImageEffects":true,"showParticleSystems":false},"in2DMode":false,"pivot":{"x":341.4591979980469,"y":-179.453125,"z":543.2999267578125},"rotation":{"x":0.28492894768714907,"y":0.7116308808326721,"z":-0.49314039945602419,"w":0.412823349237442},"size":2.360218048095703,"orthographic":false}