{"cameraMode":{"drawMode":0,"name":"Shaded","section":"Shading Mode"},"sceneLighting":false,"audioPlay":false,"sceneViewState":{"showFog":false,"showMaterialUpdate":false,"showSkybox":false,"showFlares":false,"showImageEffects":true,"showParticleSystems":false},"in2DMode":false,"pivot":{"x":3.1600069999694826,"y":-1.1880757808685303,"z":2.9929895401000978},"rotation":{"x":-0.23499338328838349,"y":-0.6353161334991455,"z":0.21007582545280457,"w":-0.7056279182434082},"size":2.347789764404297,"orthographic":false}