{"cameraMode":{"drawMode":0,"name":"Shaded","section":"Shading Mode"},"sceneLighting":false,"audioPlay":false,"sceneViewState":{"showFog":false,"showMaterialUpdate":false,"showSkybox":false,"showFlares":false,"showImageEffects":true,"showParticleSystems":false},"in2DMode":false,"pivot":{"x":-2.9865059852600099,"y":3.159895896911621,"z":-6.032961845397949},"rotation":{"x":0.23516453802585603,"y":0.698047399520874,"z":-0.2638621926307678,"w":0.6237258315086365},"size":0.0077100177295506,"orthographic":false}