{"cameraMode":{"drawMode":0,"name":"Shaded","section":"Shading Mode"},"sceneLighting":false,"audioPlay":false,"sceneViewState":{"showFog":false,"showMaterialUpdate":false,"showSkybox":false,"showFlares":false,"showImageEffects":true,"showParticleSystems":false},"in2DMode":false,"pivot":{"x":-20.218053817749025,"y":35.87999725341797,"z":-1.599944829940796},"rotation":{"x":0.21372880041599275,"y":0.006705773063004017,"z":-0.0031704443972557785,"w":0.9777414798736572},"size":5.726808547973633,"orthographic":false}