{"cameraMode":{"drawMode":0,"name":"Shaded","section":"Shading Mode"},"sceneLighting":false,"audioPlay":false,"sceneViewState":{"showFog":false,"showMaterialUpdate":false,"showSkybox":false,"showFlares":false,"showImageEffects":true,"showParticleSystems":false},"in2DMode":false,"pivot":{"x":1.7899303436279297,"y":-1.2158336639404297,"z":2.5953099727630617},"rotation":{"x":-0.31660598516464236,"y":-0.004656150005757809,"z":0.0011738158063963056,"w":-0.9489527940750122},"size":1.7439346313476563,"orthographic":false}