{"cameraMode":{"drawMode":0,"name":"Shaded","section":"Shading Mode"},"sceneLighting":false,"audioPlay":false,"sceneViewState":{"showFog":false,"showMaterialUpdate":false,"showSkybox":false,"showFlares":false,"showImageEffects":true,"showParticleSystems":false},"in2DMode":false,"pivot":{"x":428.3406066894531,"y":1461.697998046875,"z":-1145.1014404296875},"rotation":{"x":-0.29347702860832217,"y":0.04797440767288208,"z":-0.015020067803561688,"w":-0.9554606676101685},"size":2.349229097366333,"orthographic":false}