{"cameraMode":{"drawMode":0,"name":"Shaded","section":"Shading Mode"},"sceneLighting":true,"audioPlay":false,"sceneViewState":{"showFog":true,"showMaterialUpdate":false,"showSkybox":true,"showFlares":true,"showImageEffects":true,"showParticleSystems":true},"in2DMode":false,"pivot":{"x":-1.1716556549072266,"y":2.809401512145996,"z":3.210707187652588},"rotation":{"x":-0.11644085496664047,"y":-0.6450076103210449,"z":0.1001933142542839,"w":-0.7487874031066895},"size":18.05687713623047,"orthographic":false}