{"cameraMode":{"drawMode":0,"name":"Shaded","section":"Shading Mode"},"sceneLighting":false,"audioPlay":false,"sceneViewState":{"showFog":false,"showMaterialUpdate":false,"showSkybox":false,"showFlares":false,"showImageEffects":true,"showParticleSystems":false},"in2DMode":false,"pivot":{"x":0.882591724395752,"y":-1.754307746887207,"z":-2.304933547973633},"rotation":{"x":0.05173022300004959,"y":0.9443439841270447,"z":-0.2814190983772278,"w":0.1677214503288269},"size":25.823471069335939,"orthographic":false}