{"cameraMode":{"drawMode":0,"name":"Shaded","section":"Shading Mode"},"sceneLighting":false,"audioPlay":false,"sceneViewState":{"showFog":false,"showMaterialUpdate":false,"showSkybox":false,"showFlares":false,"showImageEffects":true,"showParticleSystems":false},"in2DMode":false,"pivot":{"x":-18.543609619140626,"y":-20.034927368164064,"z":-60.97658920288086},"rotation":{"x":-0.007361142430454493,"y":-0.9230915904045105,"z":0.385390967130661,"w":-0.014420961029827595},"size":80.01473236083985,"orthographic":false}