{"cameraMode":{"drawMode":0,"name":"Shaded","section":"Shading Mode"},"sceneLighting":false,"audioPlay":false,"sceneViewState":{"showFog":false,"showMaterialUpdate":false,"showSkybox":false,"showFlares":false,"showImageEffects":true,"showParticleSystems":false},"in2DMode":false,"pivot":{"x":428.3912353515625,"y":1460.544677734375,"z":-1143.8228759765625},"rotation":{"x":-0.3609265685081482,"y":-0.15646687150001527,"z":0.06142278015613556,"w":-0.9181727766990662},"size":2.349229097366333,"orthographic":false}