{"cameraMode":{"drawMode":0,"name":"Shaded","section":"Shading Mode"},"sceneLighting":false,"audioPlay":false,"sceneViewState":{"showFog":false,"showMaterialUpdate":false,"showSkybox":false,"showFlares":false,"showImageEffects":true,"showParticleSystems":false},"in2DMode":false,"pivot":{"x":-52.054325103759769,"y":-217.5183563232422,"z":-100.02134704589844},"rotation":{"x":0.23782148957252503,"y":-0.7090793251991272,"z":0.28012368083000185,"w":0.6028985977172852},"size":79.5621337890625,"orthographic":false}