{"cameraMode":{"drawMode":0,"name":"Shaded","section":"Shading Mode"},"sceneLighting":false,"audioPlay":false,"sceneViewState":{"showFog":false,"showMaterialUpdate":false,"showSkybox":false,"showFlares":false,"showImageEffects":true,"showParticleSystems":false},"in2DMode":false,"pivot":{"x":0.4575640559196472,"y":-1.9817988872528077,"z":-4.954357147216797},"rotation":{"x":-0.018295563757419587,"y":-0.9659469723701477,"z":0.25122925639152529,"w":-0.06613563001155853},"size":5.738132476806641,"orthographic":false}