{"cameraMode":{"drawMode":0,"name":"Shaded","section":"Shading Mode"},"sceneLighting":false,"audioPlay":false,"sceneViewState":{"showFog":false,"showMaterialUpdate":false,"showSkybox":false,"showFlares":false,"showImageEffects":true,"showParticleSystems":false},"in2DMode":false,"pivot":{"x":528.2365112304688,"y":83.05342102050781,"z":406.16748046875},"rotation":{"x":0.1579662263393402,"y":0.029539057984948159,"z":-0.0025559095665812494,"w":0.9877326488494873},"size":22.0,"orthographic":false}