{"cameraMode":{"drawMode":0,"name":"Shaded","section":"Shading Mode"},"sceneLighting":false,"audioPlay":false,"sceneViewState":{"showFog":false,"showMaterialUpdate":false,"showSkybox":false,"showFlares":false,"showImageEffects":true,"showParticleSystems":false},"in2DMode":false,"pivot":{"x":3.478421926498413,"y":-10.565963745117188,"z":-12.408578872680664},"rotation":{"x":0.06771356612443924,"y":0.9272651672363281,"z":-0.31614163517951968,"w":0.1934877634048462},"size":25.823471069335939,"orthographic":false}