{"cameraMode":{"drawMode":0,"name":"Shaded","section":"Shading Mode"},"sceneLighting":false,"audioPlay":false,"sceneViewState":{"showFog":false,"showMaterialUpdate":false,"showSkybox":false,"showFlares":false,"showImageEffects":true,"showParticleSystems":false},"in2DMode":false,"pivot":{"x":26.28757095336914,"y":-200.1021728515625,"z":-84.3848648071289},"rotation":{"x":0.19345305860042573,"y":0.702445387840271,"z":-0.20759285986423493,"w":0.6537136435508728},"size":2.3511903285980226,"orthographic":false}