{"cameraMode":{"drawMode":0,"name":"Shaded","section":"Shading Mode"},"sceneLighting":false,"audioPlay":false,"sceneViewState":{"showFog":false,"showMaterialUpdate":false,"showSkybox":false,"showFlares":false,"showImageEffects":true,"showParticleSystems":false},"in2DMode":false,"pivot":{"x":1.8513151407241822,"y":-1.59626305103302,"z":2.773759126663208},"rotation":{"x":-0.43237778544425967,"y":-0.06122555583715439,"z":0.02903599850833416,"w":-0.8995730876922607},"size":1.7439346313476563,"orthographic":false}