{"cameraMode":{"drawMode":0,"name":"Shaded","section":"Shading Mode"},"sceneLighting":false,"audioPlay":false,"sceneViewState":{"showFog":false,"showMaterialUpdate":false,"showSkybox":false,"showFlares":false,"showImageEffects":true,"showParticleSystems":false},"in2DMode":false,"pivot":{"x":-4.14991569519043,"y":-2.95058274269104,"z":4.788783073425293},"rotation":{"x":0.007519211620092392,"y":0.9861918687820435,"z":-0.16222549974918366,"w":0.04752654954791069},"size":5.189023971557617,"orthographic":false}