{"cameraMode":{"drawMode":0,"name":"Shaded","section":"Shading Mode"},"sceneLighting":false,"audioPlay":false,"sceneViewState":{"showFog":false,"showMaterialUpdate":false,"showSkybox":false,"showFlares":false,"showImageEffects":true,"showParticleSystems":false},"in2DMode":false,"pivot":{"x":0.11977919936180115,"y":-0.32866859436035159,"z":2.7939319610595705},"rotation":{"x":-0.4970681667327881,"y":0.11969012022018433,"z":-0.0703824907541275,"w":-0.8575762510299683},"size":3.056609630584717,"orthographic":false}