{"cameraMode":{"drawMode":0,"name":"Shaded","section":"Shading Mode"},"sceneLighting":true,"audioPlay":false,"sceneViewState":{"showFog":true,"showMaterialUpdate":false,"showSkybox":true,"showFlares":true,"showImageEffects":true,"showParticleSystems":true},"in2DMode":false,"pivot":{"x":-6.59053897857666,"y":1.9391813278198243,"z":12.962630271911621},"rotation":{"x":-0.16616520285606385,"y":-0.36324772238731387,"z":0.06591760367155075,"w":-0.9145544171333313},"size":18.05687713623047,"orthographic":false}