{"cameraMode":{"drawMode":0,"name":"Shaded","section":"Shading Mode"},"sceneLighting":false,"audioPlay":false,"sceneViewState":{"showFog":false,"showMaterialUpdate":false,"showSkybox":false,"showFlares":false,"showImageEffects":true,"showParticleSystems":false},"in2DMode":false,"pivot":{"x":108.44339752197266,"y":75.4885025024414,"z":-52.045326232910159},"rotation":{"x":0.32164812088012698,"y":0.05710315331816673,"z":-0.019578751176595689,"w":0.9451746344566345},"size":22.0,"orthographic":false}