{"cameraMode":{"drawMode":0,"name":"Shaded","section":"Shading Mode"},"sceneLighting":false,"audioPlay":false,"sceneViewState":{"showFog":true,"showMaterialUpdate":false,"showSkybox":true,"showFlares":true,"showImageEffects":true,"showParticleSystems":true},"in2DMode":false,"pivot":{"x":-9.960247039794922,"y":6.480403900146484,"z":1.9012843370437623},"rotation":{"x":-0.07153259962797165,"y":-0.6956629157066345,"z":0.06994841992855072,"w":-0.7115933299064636},"size":6.314921855926514,"orthographic":false}