{"cameraMode":{"drawMode":0,"name":"Shaded","section":"Shading Mode"},"sceneLighting":false,"audioPlay":false,"sceneViewState":{"showFog":false,"showMaterialUpdate":false,"showSkybox":false,"showFlares":false,"showImageEffects":true,"showParticleSystems":false},"in2DMode":false,"pivot":{"x":-13.639452934265137,"y":0.6285051107406616,"z":-15.281262397766114},"rotation":{"x":-0.22952638566493989,"y":0.4952605664730072,"z":-0.13798345625400544,"w":-0.8268566131591797},"size":25.1861515045166,"orthographic":false}