{"cameraMode":{"drawMode":0,"name":"Shaded","section":"Shading Mode"},"sceneLighting":false,"audioPlay":false,"sceneViewState":{"showFog":false,"showMaterialUpdate":false,"showSkybox":false,"showFlares":false,"showImageEffects":true,"showParticleSystems":false},"in2DMode":false,"pivot":{"x":3.802155017852783,"y":-164.95587158203126,"z":-90.12882995605469},"rotation":{"x":0.25595200061798098,"y":-0.48920172452926638,"z":0.1528538465499878,"w":0.8204284906387329},"size":2.351191520690918,"orthographic":false}