{"cameraMode":{"drawMode":0,"name":"Shaded","section":"Shading Mode"},"sceneLighting":false,"audioPlay":false,"sceneViewState":{"showFog":false,"showMaterialUpdate":false,"showSkybox":false,"showFlares":false,"showImageEffects":true,"showParticleSystems":false},"in2DMode":false,"pivot":{"x":-4.329999923706055,"y":6.499999523162842,"z":-20.010000228881837},"rotation":{"x":0.08524223417043686,"y":0.6582078337669373,"z":-0.07465551793575287,"w":0.7446585893630981},"size":25.186153411865236,"orthographic":false}