{"cameraMode":{"drawMode":0,"name":"Shaded","section":"Shading Mode"},"sceneLighting":false,"audioPlay":false,"sceneViewState":{"showFog":false,"showMaterialUpdate":false,"showSkybox":false,"showFlares":false,"showImageEffects":true,"showParticleSystems":false},"in2DMode":false,"pivot":{"x":-17.653430938720704,"y":34.056358337402347,"z":-4.1872663497924809},"rotation":{"x":-0.016525864601135255,"y":0.9735301733016968,"z":-0.21602953970432282,"w":-0.08239129930734635},"size":1.7477893829345704,"orthographic":false}