{"cameraMode":{"drawMode":0,"name":"Shaded","section":"Shading Mode"},"sceneLighting":false,"audioPlay":false,"sceneViewState":{"showFog":false,"showMaterialUpdate":false,"showSkybox":false,"showFlares":false,"showImageEffects":true,"showParticleSystems":false},"in2DMode":false,"pivot":{"x":0.11379893869161606,"y":-0.37267568707466128,"z":-0.6752879619598389},"rotation":{"x":0.016107048839330674,"y":0.9438295960426331,"z":-0.33001628518104555,"w":0.04280325397849083},"size":1.618727207183838,"orthographic":false}