{"cameraMode":{"drawMode":0,"name":"Shaded","section":"Shading Mode"},"sceneLighting":false,"audioPlay":false,"sceneViewState":{"showFog":false,"showMaterialUpdate":false,"showSkybox":false,"showFlares":false,"showImageEffects":true,"showParticleSystems":false},"in2DMode":false,"pivot":{"x":-0.12204861640930176,"y":0.04046374186873436,"z":-1.4901161193847657e-8},"rotation":{"x":0.0038560631219297649,"y":-0.8548929691314697,"z":0.5190929770469666,"w":0.006182406563311815},"size":0.5699392557144165,"orthographic":false}