{"cameraMode":{"drawMode":0,"name":"Shaded","section":"Shading Mode"},"sceneLighting":false,"audioPlay":false,"sceneViewState":{"showFog":false,"showMaterialUpdate":false,"showSkybox":false,"showFlares":false,"showImageEffects":true,"showParticleSystems":false},"in2DMode":false,"pivot":{"x":-19.080280303955079,"y":35.70473861694336,"z":-4.973533630371094},"rotation":{"x":-0.44946667551994326,"y":-0.15164776146411897,"z":0.07812617719173432,"w":-0.8773133158683777},"size":2.347874402999878,"orthographic":false}