{"cameraMode":{"drawMode":0,"name":"Shaded","section":"Shading Mode"},"sceneLighting":false,"audioPlay":false,"sceneViewState":{"showFog":false,"showMaterialUpdate":false,"showSkybox":false,"showFlares":false,"showImageEffects":true,"showParticleSystems":false},"in2DMode":false,"pivot":{"x":0.1669316440820694,"y":0.024394072592258455,"z":0.52627032995224},"rotation":{"x":0.026314979419112207,"y":-0.9726377725601196,"z":0.18724995851516725,"w":0.13634099066257478},"size":0.5699383020401001,"orthographic":false}