{"cameraMode":{"drawMode":0,"name":"Shaded","section":"Shading Mode"},"sceneLighting":false,"audioPlay":false,"sceneViewState":{"showFog":false,"showMaterialUpdate":false,"showSkybox":false,"showFlares":false,"showImageEffects":true,"showParticleSystems":false},"in2DMode":false,"pivot":{"x":370.0950927734375,"y":143.2518768310547,"z":121.00284576416016},"rotation":{"x":-0.06391798704862595,"y":-0.08131259679794312,"z":0.003975618164986372,"w":-0.9954027533531189},"size":22.0,"orthographic":false}