{"cameraMode":{"drawMode":0,"name":"Shaded","section":"Shading Mode"},"sceneLighting":false,"audioPlay":false,"sceneViewState":{"showFog":false,"showMaterialUpdate":false,"showSkybox":false,"showFlares":false,"showImageEffects":true,"showParticleSystems":false},"in2DMode":false,"pivot":{"x":11.53860855102539,"y":6.540794849395752,"z":-33.79106521606445},"rotation":{"x":-0.036117151379585269,"y":-0.17649081349372865,"z":-0.005359807051718235,"w":0.9843431711196899},"size":22.0,"orthographic":false}