{"cameraMode":{"drawMode":0,"name":"Shaded","section":"Shading Mode"},"sceneLighting":false,"audioPlay":false,"sceneViewState":{"showFog":false,"showMaterialUpdate":false,"showSkybox":false,"showFlares":false,"showImageEffects":true,"showParticleSystems":false},"in2DMode":false,"pivot":{"x":8.81827449798584,"y":-5.259242534637451,"z":-1.4734764099121094},"rotation":{"x":0.20728830993175507,"y":0.6571147441864014,"z":-0.1938757598400116,"w":0.699567973613739},"size":14.64329719543457,"orthographic":false}