{"cameraMode":{"drawMode":0,"name":"Shaded","section":"Shading Mode"},"sceneLighting":false,"audioPlay":false,"sceneViewState":{"showFog":true,"showMaterialUpdate":false,"showSkybox":true,"showFlares":true,"showImageEffects":true,"showParticleSystems":true},"in2DMode":false,"pivot":{"x":0.3388393521308899,"y":0.04046422615647316,"z":-0.25905653834342959},"rotation":{"x":-0.24715584516525269,"y":-0.7040342092514038,"z":0.29042789340019228,"w":-0.5993494987487793},"size":1.4699389934539796,"orthographic":false}