{"cameraMode":{"drawMode":0,"name":"Shaded","section":"Shading Mode"},"sceneLighting":false,"audioPlay":false,"sceneViewState":{"showFog":false,"showMaterialUpdate":false,"showSkybox":false,"showFlares":false,"showImageEffects":true,"showParticleSystems":false},"in2DMode":false,"pivot":{"x":-10.955700874328614,"y":1.24462890625,"z":4.060903549194336},"rotation":{"x":-0.1816955804824829,"y":-0.7064258456230164,"z":0.19219334423542024,"w":-0.6578624844551086},"size":17.948942184448243,"orthographic":false}