{"cameraMode":{"drawMode":0,"name":"Shaded","section":"Shading Mode"},"sceneLighting":true,"audioPlay":false,"sceneViewState":{"showFog":true,"showMaterialUpdate":false,"showSkybox":true,"showFlares":true,"showImageEffects":true,"showParticleSystems":true},"in2DMode":false,"pivot":{"x":404.4460754394531,"y":133.52781677246095,"z":-26.59192657470703},"rotation":{"x":0.1916864812374115,"y":-0.6791257262229919,"z":0.19085466861724854,"w":0.6824238300323486},"size":3.5347790718078615,"orthographic":false}